classifier,Acc,Auc
LogisticRegression,0.7649823736780259,0.847593042071195
DecisionTree,0.7732079905992949,0.7885582813222375
Random Forest,0.7784958871915394,0.8494148751733686
GBT,0.7690951821386603,0.846889447526585
