view,danmaku,reply,favorite,coin,share,like
1.0,0.39116217390008334,0.4482297456253938,0.578680766061797,0.4537251629946264,0.4761554267537218,0.8020555758787733
0.39116217390008334,1.0,0.6649609800240307,0.25135736046023754,0.5532860659953498,0.28022117506779465,0.2962914538730564
0.4482297456253938,0.6649609800240307,1.0,0.35404320753346347,0.5050538229266791,0.5483471761648152,0.38102726806656484
0.578680766061797,0.25135736046023754,0.35404320753346347,1.0,0.6857727105685714,0.6340568912424125,0.6431536655342778
0.4537251629946264,0.5532860659953498,0.5050538229266791,0.6857727105685714,1.0,0.48438799888620937,0.584228091756079
0.4761554267537218,0.28022117506779465,0.5483471761648152,0.6340568912424125,0.48438799888620937,1.0,0.45406232705587213
0.8020555758787733,0.2962914538730564,0.38102726806656484,0.6431536655342778,0.584228091756079,0.45406232705587213,1.0
